"REF_DATE","GEO","DGUID","Components of population growth","UOM","UOM_ID","SCALAR_FACTOR","SCALAR_ID","VECTOR","COORDINATE","VALUE","STATUS","SYMBOL","TERMINATED","DECIMALS"
"2010-01","Canada","2021A000011124","Immigrants","Persons","249","units","0","v29850342","1.1","58056","","","","0"
"2010-04","Canada","2021A000011124","Immigrants","Persons","249","units","0","v29850342","1.1","80807","","","","0"
"2010-07","Canada","2021A000011124","Immigrants","Persons","249","units","0","v29850342","1.1","84305","","","","0"
"2010-10","Canada","2021A000011124","Immigrants","Persons","249","units","0","v29850342","1.1","57571","","","","0"
"2011-01","Canada","2021A000011124","Immigrants","Persons","249","units","0","v29850342","1.1","49571","","","","0"
"2011-04","Canada","2021A000011124","Immigrants","Persons","249","units","0","v29850342","1.1","67696","","","","0"
"2011-07","Canada","2021A000011124","Immigrants","Persons","249","units","0","v29850342","1.1","71864","","","","0"
"2011-10","Canada","2021A000011124","Immigrants","Persons","249","units","0","v29850342","1.1","59604","","","","0"
"2012-01","Canada","2021A000011124","Immigrants","Persons","249","units","0","v29850342","1.1","55566","","","","0"
"2012-04","Canada","2021A000011124","Immigrants","Persons","249","units","0","v29850342","1.1","73009","","","","0"
"2012-07","Canada","2021A000011124","Immigrants","Persons","249","units","0","v29850342","1.1","66907","","","","0"
"2012-10","Canada","2021A000011124","Immigrants","Persons","249","units","0","v29850342","1.1","62343","","","","0"
"2013-01","Canada","2021A000011124","Immigrants","Persons","249","units","0","v29850342","1.1","58255","","","","0"
"2013-04","Canada","2021A000011124","Immigrants","Persons","249","units","0","v29850342","1.1","75610","","","","0"
"2013-07","Canada","2021A000011124","Immigrants","Persons","249","units","0","v29850342","1.1","65409","","","","0"
"2013-10","Canada","2021A000011124","Immigrants","Persons","249","units","0","v29850342","1.1","59772","","","","0"
"2014-01","Canada","2021A000011124","Immigrants","Persons","249","units","0","v29850342","1.1","64461","","","","0"
"2014-04","Canada","2021A000011124","Immigrants","Persons","249","units","0","v29850342","1.1","78294","","","","0"
"2014-07","Canada","2021A000011124","Immigrants","Persons","249","units","0","v29850342","1.1","65546","","","","0"
"2014-10","Canada","2021A000011124","Immigrants","Persons","249","units","0","v29850342","1.1","52007","","","","0"
"2015-01","Canada","2021A000011124","Immigrants","Persons","249","units","0","v29850342","1.1","51129","","","","0"
"2015-04","Canada","2021A000011124","Immigrants","Persons","249","units","0","v29850342","1.1","72093","","","","0"
"2015-07","Canada","2021A000011124","Immigrants","Persons","249","units","0","v29850342","1.1","78903","","","","0"
"2015-10","Canada","2021A000011124","Immigrants","Persons","249","units","0","v29850342","1.1","69742","","","","0"
"2016-01","Canada","2021A000011124","Immigrants","Persons","249","units","0","v29850342","1.1","86246","","","","0"
"2016-04","Canada","2021A000011124","Immigrants","Persons","249","units","0","v29850342","1.1","88297","","","","0"
"2016-07","Canada","2021A000011124","Immigrants","Persons","249","units","0","v29850342","1.1","68231","","","","0"
"2016-10","Canada","2021A000011124","Immigrants","Persons","249","units","0","v29850342","1.1","53611","","","","0"
"2017-01","Canada","2021A000011124","Immigrants","Persons","249","units","0","v29850342","1.1","72837","","","","0"
"2017-04","Canada","2021A000011124","Immigrants","Persons","249","units","0","v29850342","1.1","78015","","","","0"
"2017-07","Canada","2021A000011124","Immigrants","Persons","249","units","0","v29850342","1.1","70134","","","","0"
"2017-10","Canada","2021A000011124","Immigrants","Persons","249","units","0","v29850342","1.1","65551","","","","0"
"2018-01","Canada","2021A000011124","Immigrants","Persons","249","units","0","v29850342","1.1","80007","","","","0"
"2018-04","Canada","2021A000011124","Immigrants","Persons","249","units","0","v29850342","1.1","87677","","","","0"
"2018-07","Canada","2021A000011124","Immigrants","Persons","249","units","0","v29850342","1.1","82292","","","","0"
"2018-10","Canada","2021A000011124","Immigrants","Persons","249","units","0","v29850342","1.1","71078","","","","0"
"2019-01","Canada","2021A000011124","Immigrants","Persons","249","units","0","v29850342","1.1","65953","","","","0"
"2019-04","Canada","2021A000011124","Immigrants","Persons","249","units","0","v29850342","1.1","94280","","","","0"
"2019-07","Canada","2021A000011124","Immigrants","Persons","249","units","0","v29850342","1.1","103713","","","","0"
"2019-10","Canada","2021A000011124","Immigrants","Persons","249","units","0","v29850342","1.1","77228","","","","0"
"2020-01","Canada","2021A000011124","Immigrants","Persons","249","units","0","v29850342","1.1","69140","","","","0"
"2020-04","Canada","2021A000011124","Immigrants","Persons","249","units","0","v29850342","1.1","34072","","","","0"
"2020-07","Canada","2021A000011124","Immigrants","Persons","249","units","0","v29850342","1.1","40119","","","","0"
"2020-10","Canada","2021A000011124","Immigrants","Persons","249","units","0","v29850342","1.1","41263","","","","0"
"2021-01","Canada","2021A000011124","Immigrants","Persons","249","units","0","v29850342","1.1","70492","","","","0"
"2021-04","Canada","2021A000011124","Immigrants","Persons","249","units","0","v29850342","1.1","74440","","","","0"
"2021-07","Canada","2021A000011124","Immigrants","Persons","249","units","0","v29850342","1.1","122916","","","","0"
"2021-10","Canada","2021A000011124","Immigrants","Persons","249","units","0","v29850342","1.1","138198","","","","0"
"2022-01","Canada","2021A000011124","Immigrants","Persons","249","units","0","v29850342","1.1","113803","","","","0"
"2022-04","Canada","2021A000011124","Immigrants","Persons","249","units","0","v29850342","1.1","118319","","","","0"
"2022-07","Canada","2021A000011124","Immigrants","Persons","249","units","0","v29850342","1.1","122199","","","","0"
"2022-10","Canada","2021A000011124","Immigrants","Persons","249","units","0","v29850342","1.1","83291","","","","0"
"2023-01","Canada","2021A000011124","Immigrants","Persons","249","units","0","v29850342","1.1","145496","","","","0"
"2023-04","Canada","2021A000011124","Immigrants","Persons","249","units","0","v29850342","1.1","117927","","","","0"
"2023-07","Canada","2021A000011124","Immigrants","Persons","249","units","0","v29850342","1.1","107988","","","","0"
"2023-10","Canada","2021A000011124","Immigrants","Persons","249","units","0","v29850342","1.1","100406","","","","0"
"2024-01","Canada","2021A000011124","Immigrants","Persons","249","units","0","v29850342","1.1","121778","","","","0"
"2024-04","Canada","2021A000011124","Immigrants","Persons","249","units","0","v29850342","1.1","134172","","","","0"
"2024-07","Canada","2021A000011124","Immigrants","Persons","249","units","0","v29850342","1.1","124266","","","","0"
"2024-10","Canada","2021A000011124","Immigrants","Persons","249","units","0","v29850342","1.1","103438","","","","0"
"2025-01","Canada","2021A000011124","Immigrants","Persons","249","units","0","v29850342","1.1","104210","","","","0"
"2025-04","Canada","2021A000011124","Immigrants","Persons","249","units","0","v29850342","1.1","103507","","","","0"
"2010-01","Canada","2021A000011124","Net emigration","Persons","249","units","0","v1566834788","1.6","10874","","","","0"
"2010-04","Canada","2021A000011124","Net emigration","Persons","249","units","0","v1566834788","1.6","8022","","","","0"
"2010-07","Canada","2021A000011124","Net emigration","Persons","249","units","0","v1566834788","1.6","11398","","","","0"
"2010-10","Canada","2021A000011124","Net emigration","Persons","249","units","0","v1566834788","1.6","11893","","","","0"
"2011-01","Canada","2021A000011124","Net emigration","Persons","249","units","0","v1566834788","1.6","12114","","","","0"
"2011-04","Canada","2021A000011124","Net emigration","Persons","249","units","0","v1566834788","1.6","7457","","","","0"
"2011-07","Canada","2021A000011124","Net emigration","Persons","249","units","0","v1566834788","1.6","16013","","","","0"
"2011-10","Canada","2021A000011124","Net emigration","Persons","249","units","0","v1566834788","1.6","15348","","","","0"
"2012-01","Canada","2021A000011124","Net emigration","Persons","249","units","0","v1566834788","1.6","14350","","","","0"
"2012-04","Canada","2021A000011124","Net emigration","Persons","249","units","0","v1566834788","1.6","9175","","","","0"
"2012-07","Canada","2021A000011124","Net emigration","Persons","249","units","0","v1566834788","1.6","12985","","","","0"
"2012-10","Canada","2021A000011124","Net emigration","Persons","249","units","0","v1566834788","1.6","13916","","","","0"
"2013-01","Canada","2021A000011124","Net emigration","Persons","249","units","0","v1566834788","1.6","15063","","","","0"
"2013-04","Canada","2021A000011124","Net emigration","Persons","249","units","0","v1566834788","1.6","9838","","","","0"
"2013-07","Canada","2021A000011124","Net emigration","Persons","249","units","0","v1566834788","1.6","11396","","","","0"
"2013-10","Canada","2021A000011124","Net emigration","Persons","249","units","0","v1566834788","1.6","15153","","","","0"
"2014-01","Canada","2021A000011124","Net emigration","Persons","249","units","0","v1566834788","1.6","15698","","","","0"
"2014-04","Canada","2021A000011124","Net emigration","Persons","249","units","0","v1566834788","1.6","11254","","","","0"
"2014-07","Canada","2021A000011124","Net emigration","Persons","249","units","0","v1566834788","1.6","13862","","","","0"
"2014-10","Canada","2021A000011124","Net emigration","Persons","249","units","0","v1566834788","1.6","14142","","","","0"
"2015-01","Canada","2021A000011124","Net emigration","Persons","249","units","0","v1566834788","1.6","15927","","","","0"
"2015-04","Canada","2021A000011124","Net emigration","Persons","249","units","0","v1566834788","1.6","10113","","","","0"
"2015-07","Canada","2021A000011124","Net emigration","Persons","249","units","0","v1566834788","1.6","14644","","","","0"
"2015-10","Canada","2021A000011124","Net emigration","Persons","249","units","0","v1566834788","1.6","15882","","","","0"
"2016-01","Canada","2021A000011124","Net emigration","Persons","249","units","0","v1566834788","1.6","15462","","","","0"
"2016-04","Canada","2021A000011124","Net emigration","Persons","249","units","0","v1566834788","1.6","8909","","","","0"
"2016-07","Canada","2021A000011124","Net emigration","Persons","249","units","0","v1566834788","1.6","16648","","","","0"
"2016-10","Canada","2021A000011124","Net emigration","Persons","249","units","0","v1566834788","1.6","15753","","","","0"
"2017-01","Canada","2021A000011124","Net emigration","Persons","249","units","0","v1566834788","1.6","15964","","","","0"
"2017-04","Canada","2021A000011124","Net emigration","Persons","249","units","0","v1566834788","1.6","8115","","","","0"
"2017-07","Canada","2021A000011124","Net emigration","Persons","249","units","0","v1566834788","1.6","8878","","","","0"
"2017-10","Canada","2021A000011124","Net emigration","Persons","249","units","0","v1566834788","1.6","10875","","","","0"
"2018-01","Canada","2021A000011124","Net emigration","Persons","249","units","0","v1566834788","1.6","13487","","","","0"
"2018-04","Canada","2021A000011124","Net emigration","Persons","249","units","0","v1566834788","1.6","6625","","","","0"
"2018-07","Canada","2021A000011124","Net emigration","Persons","249","units","0","v1566834788","1.6","7025","","","","0"
"2018-10","Canada","2021A000011124","Net emigration","Persons","249","units","0","v1566834788","1.6","10778","","","","0"
"2019-01","Canada","2021A000011124","Net emigration","Persons","249","units","0","v1566834788","1.6","11957","","","","0"
"2019-04","Canada","2021A000011124","Net emigration","Persons","249","units","0","v1566834788","1.6","5206","","","","0"
"2019-07","Canada","2021A000011124","Net emigration","Persons","249","units","0","v1566834788","1.6","9073","","","","0"
"2019-10","Canada","2021A000011124","Net emigration","Persons","249","units","0","v1566834788","1.6","9555","","","","0"
"2020-01","Canada","2021A000011124","Net emigration","Persons","249","units","0","v1566834788","1.6","10408","","","","0"
"2020-04","Canada","2021A000011124","Net emigration","Persons","249","units","0","v1566834788","1.6","2633","","","","0"
"2020-07","Canada","2021A000011124","Net emigration","Persons","249","units","0","v1566834788","1.6","-78","","","","0"
"2020-10","Canada","2021A000011124","Net emigration","Persons","249","units","0","v1566834788","1.6","6272","","","","0"
"2021-01","Canada","2021A000011124","Net emigration","Persons","249","units","0","v1566834788","1.6","10498","","","","0"
"2021-04","Canada","2021A000011124","Net emigration","Persons","249","units","0","v1566834788","1.6","9034","","","","0"
"2021-07","Canada","2021A000011124","Net emigration","Persons","249","units","0","v1566834788","1.6","7898","","","","0"
"2021-10","Canada","2021A000011124","Net emigration","Persons","249","units","0","v1566834788","1.6","11731","","","","0"
"2022-01","Canada","2021A000011124","Net emigration","Persons","249","units","0","v1566834788","1.6","16312","","","","0"
"2022-04","Canada","2021A000011124","Net emigration","Persons","249","units","0","v1566834788","1.6","11312","","","","0"
"2022-07","Canada","2021A000011124","Net emigration","Persons","249","units","0","v1566834788","1.6","16623","","","","0"
"2022-10","Canada","2021A000011124","Net emigration","Persons","249","units","0","v1566834788","1.6","14323","","","","0"
"2023-01","Canada","2021A000011124","Net emigration","Persons","249","units","0","v1566834788","1.6","18928","","","","0"
"2023-04","Canada","2021A000011124","Net emigration","Persons","249","units","0","v1566834788","1.6","11835","","","","0"
"2023-07","Canada","2021A000011124","Net emigration","Persons","249","units","0","v1566834788","1.6","19286","","","","0"
"2023-10","Canada","2021A000011124","Net emigration","Persons","249","units","0","v1566834788","1.6","14031","","","","0"
"2024-01","Canada","2021A000011124","Net emigration","Persons","249","units","0","v1566834788","1.6","19368","","","","0"
"2024-04","Canada","2021A000011124","Net emigration","Persons","249","units","0","v1566834788","1.6","10767","","","","0"
"2024-07","Canada","2021A000011124","Net emigration","Persons","249","units","0","v1566834788","1.6","19869","","","","0"
"2024-10","Canada","2021A000011124","Net emigration","Persons","249","units","0","v1566834788","1.6","14448","","","","0"
"2025-01","Canada","2021A000011124","Net emigration","Persons","249","units","0","v1566834788","1.6","19961","","","","0"
"2025-04","Canada","2021A000011124","Net emigration","Persons","249","units","0","v1566834788","1.6","11094","","","","0"
"2010-01","Canada","2021A000011124","Emigrants","Persons","249","units","0","v29850343","1.2","12301","","","","0"
"2010-04","Canada","2021A000011124","Emigrants","Persons","249","units","0","v29850343","1.2","13836","","","","0"
"2010-07","Canada","2021A000011124","Emigrants","Persons","249","units","0","v29850343","1.2","19826","","","","0"
"2010-10","Canada","2021A000011124","Emigrants","Persons","249","units","0","v29850343","1.2","13725","","","","0"
"2011-01","Canada","2021A000011124","Emigrants","Persons","249","units","0","v29850343","1.2","13747","","","","0"
"2011-04","Canada","2021A000011124","Emigrants","Persons","249","units","0","v29850343","1.2","14168","","","","0"
"2011-07","Canada","2021A000011124","Emigrants","Persons","249","units","0","v29850343","1.2","22222","","","","0"
"2011-10","Canada","2021A000011124","Emigrants","Persons","249","units","0","v29850343","1.2","14988","","","","0"
"2012-01","Canada","2021A000011124","Emigrants","Persons","249","units","0","v29850343","1.2","14120","","","","0"
"2012-04","Canada","2021A000011124","Emigrants","Persons","249","units","0","v29850343","1.2","14063","","","","0"
"2012-07","Canada","2021A000011124","Emigrants","Persons","249","units","0","v29850343","1.2","20315","","","","0"
"2012-10","Canada","2021A000011124","Emigrants","Persons","249","units","0","v29850343","1.2","13375","","","","0"
"2013-01","Canada","2021A000011124","Emigrants","Persons","249","units","0","v29850343","1.2","14286","","","","0"
"2013-04","Canada","2021A000011124","Emigrants","Persons","249","units","0","v29850343","1.2","14153","","","","0"
"2013-07","Canada","2021A000011124","Emigrants","Persons","249","units","0","v29850343","1.2","19902","","","","0"
"2013-10","Canada","2021A000011124","Emigrants","Persons","249","units","0","v29850343","1.2","14368","","","","0"
"2014-01","Canada","2021A000011124","Emigrants","Persons","249","units","0","v29850343","1.2","14680","","","","0"
"2014-04","Canada","2021A000011124","Emigrants","Persons","249","units","0","v29850343","1.2","14772","","","","0"
"2014-07","Canada","2021A000011124","Emigrants","Persons","249","units","0","v29850343","1.2","21768","","","","0"
"2014-10","Canada","2021A000011124","Emigrants","Persons","249","units","0","v29850343","1.2","14002","","","","0"
"2015-01","Canada","2021A000011124","Emigrants","Persons","249","units","0","v29850343","1.2","14989","","","","0"
"2015-04","Canada","2021A000011124","Emigrants","Persons","249","units","0","v29850343","1.2","15078","","","","0"
"2015-07","Canada","2021A000011124","Emigrants","Persons","249","units","0","v29850343","1.2","23493","","","","0"
"2015-10","Canada","2021A000011124","Emigrants","Persons","249","units","0","v29850343","1.2","15385","","","","0"
"2016-01","Canada","2021A000011124","Emigrants","Persons","249","units","0","v29850343","1.2","15111","","","","0"
"2016-04","Canada","2021A000011124","Emigrants","Persons","249","units","0","v29850343","1.2","13904","","","","0"
"2016-07","Canada","2021A000011124","Emigrants","Persons","249","units","0","v29850343","1.2","41778","","","","0"
"2016-10","Canada","2021A000011124","Emigrants","Persons","249","units","0","v29850343","1.2","26680","","","","0"
"2017-01","Canada","2021A000011124","Emigrants","Persons","249","units","0","v29850343","1.2","27115","","","","0"
"2017-04","Canada","2021A000011124","Emigrants","Persons","249","units","0","v29850343","1.2","24391","","","","0"
"2017-07","Canada","2021A000011124","Emigrants","Persons","249","units","0","v29850343","1.2","31704","","","","0"
"2017-10","Canada","2021A000011124","Emigrants","Persons","249","units","0","v29850343","1.2","20803","","","","0"
"2018-01","Canada","2021A000011124","Emigrants","Persons","249","units","0","v29850343","1.2","23635","","","","0"
"2018-04","Canada","2021A000011124","Emigrants","Persons","249","units","0","v29850343","1.2","22129","","","","0"
"2018-07","Canada","2021A000011124","Emigrants","Persons","249","units","0","v29850343","1.2","30291","","","","0"
"2018-10","Canada","2021A000011124","Emigrants","Persons","249","units","0","v29850343","1.2","20980","","","","0"
"2019-01","Canada","2021A000011124","Emigrants","Persons","249","units","0","v29850343","1.2","21331","","","","0"
"2019-04","Canada","2021A000011124","Emigrants","Persons","249","units","0","v29850343","1.2","19602","","","","0"
"2019-07","Canada","2021A000011124","Emigrants","Persons","249","units","0","v29850343","1.2","30675","","","","0"
"2019-10","Canada","2021A000011124","Emigrants","Persons","249","units","0","v29850343","1.2","18852","","","","0"
"2020-01","Canada","2021A000011124","Emigrants","Persons","249","units","0","v29850343","1.2","20633","","","","0"
"2020-04","Canada","2021A000011124","Emigrants","Persons","249","units","0","v29850343","1.2","7431","","","","0"
"2020-07","Canada","2021A000011124","Emigrants","Persons","249","units","0","v29850343","1.2","17305","","","","0"
"2020-10","Canada","2021A000011124","Emigrants","Persons","249","units","0","v29850343","1.2","15038","","","","0"
"2021-01","Canada","2021A000011124","Emigrants","Persons","249","units","0","v29850343","1.2","17184","","","","0"
"2021-04","Canada","2021A000011124","Emigrants","Persons","249","units","0","v29850343","1.2","17100","","","","0"
"2021-07","Canada","2021A000011124","Emigrants","Persons","249","units","0","v29850343","1.2","26453","","","","0"
"2021-10","Canada","2021A000011124","Emigrants","Persons","249","units","0","v29850343","1.2","22620","","","","0"
"2022-01","Canada","2021A000011124","Emigrants","Persons","249","units","0","v29850343","1.2","25394","","","","0"
"2022-04","Canada","2021A000011124","Emigrants","Persons","249","units","0","v29850343","1.2","25289","","","","0"
"2022-07","Canada","2021A000011124","Emigrants","Persons","249","units","0","v29850343","1.2","35112","","","","0"
"2022-10","Canada","2021A000011124","Emigrants","Persons","249","units","0","v29850343","1.2","24377","","","","0"
"2023-01","Canada","2021A000011124","Emigrants","Persons","249","units","0","v29850343","1.2","28289","","","","0"
"2023-04","Canada","2021A000011124","Emigrants","Persons","249","units","0","v29850343","1.2","25513","","","","0"
"2023-07","Canada","2021A000011124","Emigrants","Persons","249","units","0","v29850343","1.2","39617","","","","0"
"2023-10","Canada","2021A000011124","Emigrants","Persons","249","units","0","v29850343","1.2","23948","","","","0"
"2024-01","Canada","2021A000011124","Emigrants","Persons","249","units","0","v29850343","1.2","28938","","","","0"
"2024-04","Canada","2021A000011124","Emigrants","Persons","249","units","0","v29850343","1.2","23985","","","","0"
"2024-07","Canada","2021A000011124","Emigrants","Persons","249","units","0","v29850343","1.2","40818","","","","0"
"2024-10","Canada","2021A000011124","Emigrants","Persons","249","units","0","v29850343","1.2","24668","","","","0"
"2025-01","Canada","2021A000011124","Emigrants","Persons","249","units","0","v29850343","1.2","29816","","","","0"
"2025-04","Canada","2021A000011124","Emigrants","Persons","249","units","0","v29850343","1.2","24714","","","","0"
"2010-01","Canada","2021A000011124","Returning emigrants","Persons","249","units","0","v29850344","1.3","5704","","","","0"
"2010-04","Canada","2021A000011124","Returning emigrants","Persons","249","units","0","v29850344","1.3","10338","","","","0"
"2010-07","Canada","2021A000011124","Returning emigrants","Persons","249","units","0","v29850344","1.3","13733","","","","0"
"2010-10","Canada","2021A000011124","Returning emigrants","Persons","249","units","0","v29850344","1.3","6215","","","","0"
"2011-01","Canada","2021A000011124","Returning emigrants","Persons","249","units","0","v29850344","1.3","6018","","","","0"
"2011-04","Canada","2021A000011124","Returning emigrants","Persons","249","units","0","v29850344","1.3","11160","","","","0"
"2011-07","Canada","2021A000011124","Returning emigrants","Persons","249","units","0","v29850344","1.3","14070","","","","0"
"2011-10","Canada","2021A000011124","Returning emigrants","Persons","249","units","0","v29850344","1.3","6027","","","","0"
"2012-01","Canada","2021A000011124","Returning emigrants","Persons","249","units","0","v29850344","1.3","5984","","","","0"
"2012-04","Canada","2021A000011124","Returning emigrants","Persons","249","units","0","v29850344","1.3","11089","","","","0"
"2012-07","Canada","2021A000011124","Returning emigrants","Persons","249","units","0","v29850344","1.3","15023","","","","0"
"2012-10","Canada","2021A000011124","Returning emigrants","Persons","249","units","0","v29850344","1.3","5663","","","","0"
"2013-01","Canada","2021A000011124","Returning emigrants","Persons","249","units","0","v29850344","1.3","5622","","","","0"
"2013-04","Canada","2021A000011124","Returning emigrants","Persons","249","units","0","v29850344","1.3","10686","","","","0"
"2013-07","Canada","2021A000011124","Returning emigrants","Persons","249","units","0","v29850344","1.3","16003","","","","0"
"2013-10","Canada","2021A000011124","Returning emigrants","Persons","249","units","0","v29850344","1.3","5556","","","","0"
"2014-01","Canada","2021A000011124","Returning emigrants","Persons","249","units","0","v29850344","1.3","5388","","","","0"
"2014-04","Canada","2021A000011124","Returning emigrants","Persons","249","units","0","v29850344","1.3","9942","","","","0"
"2014-07","Canada","2021A000011124","Returning emigrants","Persons","249","units","0","v29850344","1.3","15647","","","","0"
"2014-10","Canada","2021A000011124","Returning emigrants","Persons","249","units","0","v29850344","1.3","6027","","","","0"
"2015-01","Canada","2021A000011124","Returning emigrants","Persons","249","units","0","v29850344","1.3","5431","","","","0"
"2015-04","Canada","2021A000011124","Returning emigrants","Persons","249","units","0","v29850344","1.3","11353","","","","0"
"2015-07","Canada","2021A000011124","Returning emigrants","Persons","249","units","0","v29850344","1.3","16797","","","","0"
"2015-10","Canada","2021A000011124","Returning emigrants","Persons","249","units","0","v29850344","1.3","5855","","","","0"
"2016-01","Canada","2021A000011124","Returning emigrants","Persons","249","units","0","v29850344","1.3","5951","","","","0"
"2016-04","Canada","2021A000011124","Returning emigrants","Persons","249","units","0","v29850344","1.3","11057","","","","0"
"2016-07","Canada","2021A000011124","Returning emigrants","Persons","249","units","0","v29850344","1.3","25130","","","","0"
"2016-10","Canada","2021A000011124","Returning emigrants","Persons","249","units","0","v29850344","1.3","10927","","","","0"
"2017-01","Canada","2021A000011124","Returning emigrants","Persons","249","units","0","v29850344","1.3","11151","","","","0"
"2017-04","Canada","2021A000011124","Returning emigrants","Persons","249","units","0","v29850344","1.3","16276","","","","0"
"2017-07","Canada","2021A000011124","Returning emigrants","Persons","249","units","0","v29850344","1.3","22826","","","","0"
"2017-10","Canada","2021A000011124","Returning emigrants","Persons","249","units","0","v29850344","1.3","9928","","","","0"
"2018-01","Canada","2021A000011124","Returning emigrants","Persons","249","units","0","v29850344","1.3","10148","","","","0"
"2018-04","Canada","2021A000011124","Returning emigrants","Persons","249","units","0","v29850344","1.3","15504","","","","0"
"2018-07","Canada","2021A000011124","Returning emigrants","Persons","249","units","0","v29850344","1.3","23266","","","","0"
"2018-10","Canada","2021A000011124","Returning emigrants","Persons","249","units","0","v29850344","1.3","10202","","","","0"
"2019-01","Canada","2021A000011124","Returning emigrants","Persons","249","units","0","v29850344","1.3","9374","","","","0"
"2019-04","Canada","2021A000011124","Returning emigrants","Persons","249","units","0","v29850344","1.3","14396","","","","0"
"2019-07","Canada","2021A000011124","Returning emigrants","Persons","249","units","0","v29850344","1.3","21602","","","","0"
"2019-10","Canada","2021A000011124","Returning emigrants","Persons","249","units","0","v29850344","1.3","9297","","","","0"
"2020-01","Canada","2021A000011124","Returning emigrants","Persons","249","units","0","v29850344","1.3","10225","","","","0"
"2020-04","Canada","2021A000011124","Returning emigrants","Persons","249","units","0","v29850344","1.3","4798","","","","0"
"2020-07","Canada","2021A000011124","Returning emigrants","Persons","249","units","0","v29850344","1.3","17383","","","","0"
"2020-10","Canada","2021A000011124","Returning emigrants","Persons","249","units","0","v29850344","1.3","8766","","","","0"
"2021-01","Canada","2021A000011124","Returning emigrants","Persons","249","units","0","v29850344","1.3","6686","","","","0"
"2021-04","Canada","2021A000011124","Returning emigrants","Persons","249","units","0","v29850344","1.3","8066","","","","0"
"2021-07","Canada","2021A000011124","Returning emigrants","Persons","249","units","0","v29850344","1.3","18555","","","","0"
"2021-10","Canada","2021A000011124","Returning emigrants","Persons","249","units","0","v29850344","1.3","10889","","","","0"
"2022-01","Canada","2021A000011124","Returning emigrants","Persons","249","units","0","v29850344","1.3","9082","","","","0"
"2022-04","Canada","2021A000011124","Returning emigrants","Persons","249","units","0","v29850344","1.3","13977","","","","0"
"2022-07","Canada","2021A000011124","Returning emigrants","Persons","249","units","0","v29850344","1.3","18489","","","","0"
"2022-10","Canada","2021A000011124","Returning emigrants","Persons","249","units","0","v29850344","1.3","10054","","","","0"
"2023-01","Canada","2021A000011124","Returning emigrants","Persons","249","units","0","v29850344","1.3","9361","","","","0"
"2023-04","Canada","2021A000011124","Returning emigrants","Persons","249","units","0","v29850344","1.3","13678","","","","0"
"2023-07","Canada","2021A000011124","Returning emigrants","Persons","249","units","0","v29850344","1.3","20331","","","","0"
"2023-10","Canada","2021A000011124","Returning emigrants","Persons","249","units","0","v29850344","1.3","9917","","","","0"
"2024-01","Canada","2021A000011124","Returning emigrants","Persons","249","units","0","v29850344","1.3","9570","","","","0"
"2024-04","Canada","2021A000011124","Returning emigrants","Persons","249","units","0","v29850344","1.3","13218","","","","0"
"2024-07","Canada","2021A000011124","Returning emigrants","Persons","249","units","0","v29850344","1.3","20949","","","","0"
"2024-10","Canada","2021A000011124","Returning emigrants","Persons","249","units","0","v29850344","1.3","10220","","","","0"
"2025-01","Canada","2021A000011124","Returning emigrants","Persons","249","units","0","v29850344","1.3","9855","","","","0"
"2025-04","Canada","2021A000011124","Returning emigrants","Persons","249","units","0","v29850344","1.3","13620","","","","0"
"2010-01","Canada","2021A000011124","Net temporary emigration","Persons","249","units","0","v29850345","1.4","4277","","","","0"
"2010-04","Canada","2021A000011124","Net temporary emigration","Persons","249","units","0","v29850345","1.4","4524","","","","0"
"2010-07","Canada","2021A000011124","Net temporary emigration","Persons","249","units","0","v29850345","1.4","5305","","","","0"
"2010-10","Canada","2021A000011124","Net temporary emigration","Persons","249","units","0","v29850345","1.4","4383","","","","0"
"2011-01","Canada","2021A000011124","Net temporary emigration","Persons","249","units","0","v29850345","1.4","4385","","","","0"
"2011-04","Canada","2021A000011124","Net temporary emigration","Persons","249","units","0","v29850345","1.4","4449","","","","0"
"2011-07","Canada","2021A000011124","Net temporary emigration","Persons","249","units","0","v29850345","1.4","7861","","","","0"
"2011-10","Canada","2021A000011124","Net temporary emigration","Persons","249","units","0","v29850345","1.4","6387","","","","0"
"2012-01","Canada","2021A000011124","Net temporary emigration","Persons","249","units","0","v29850345","1.4","6214","","","","0"
"2012-04","Canada","2021A000011124","Net temporary emigration","Persons","249","units","0","v29850345","1.4","6201","","","","0"
"2012-07","Canada","2021A000011124","Net temporary emigration","Persons","249","units","0","v29850345","1.4","7693","","","","0"
"2012-10","Canada","2021A000011124","Net temporary emigration","Persons","249","units","0","v29850345","1.4","6204","","","","0"
"2013-01","Canada","2021A000011124","Net temporary emigration","Persons","249","units","0","v29850345","1.4","6399","","","","0"
"2013-04","Canada","2021A000011124","Net temporary emigration","Persons","249","units","0","v29850345","1.4","6371","","","","0"
"2013-07","Canada","2021A000011124","Net temporary emigration","Persons","249","units","0","v29850345","1.4","7497","","","","0"
"2013-10","Canada","2021A000011124","Net temporary emigration","Persons","249","units","0","v29850345","1.4","6341","","","","0"
"2014-01","Canada","2021A000011124","Net temporary emigration","Persons","249","units","0","v29850345","1.4","6406","","","","0"
"2014-04","Canada","2021A000011124","Net temporary emigration","Persons","249","units","0","v29850345","1.4","6424","","","","0"
"2014-07","Canada","2021A000011124","Net temporary emigration","Persons","249","units","0","v29850345","1.4","7741","","","","0"
"2014-10","Canada","2021A000011124","Net temporary emigration","Persons","249","units","0","v29850345","1.4","6167","","","","0"
"2015-01","Canada","2021A000011124","Net temporary emigration","Persons","249","units","0","v29850345","1.4","6369","","","","0"
"2015-04","Canada","2021A000011124","Net temporary emigration","Persons","249","units","0","v29850345","1.4","6388","","","","0"
"2015-07","Canada","2021A000011124","Net temporary emigration","Persons","249","units","0","v29850345","1.4","7948","","","","0"
"2015-10","Canada","2021A000011124","Net temporary emigration","Persons","249","units","0","v29850345","1.4","6352","","","","0"
"2016-01","Canada","2021A000011124","Net temporary emigration","Persons","249","units","0","v29850345","1.4","6302","","","","0"
"2016-04","Canada","2021A000011124","Net temporary emigration","Persons","249","units","0","v29850345","1.4","6062","","","","0"
"2016-07","Canada","2021A000011124","Net temporary emigration","Persons","249","units","0","v29850345","1.4","","..","","","0"
"2016-10","Canada","2021A000011124","Net temporary emigration","Persons","249","units","0","v29850345","1.4","","..","","","0"
"2017-01","Canada","2021A000011124","Net temporary emigration","Persons","249","units","0","v29850345","1.4","","..","","","0"
"2017-04","Canada","2021A000011124","Net temporary emigration","Persons","249","units","0","v29850345","1.4","","..","","","0"
"2017-07","Canada","2021A000011124","Net temporary emigration","Persons","249","units","0","v29850345","1.4","","..","","","0"
"2017-10","Canada","2021A000011124","Net temporary emigration","Persons","249","units","0","v29850345","1.4","","..","","","0"
"2018-01","Canada","2021A000011124","Net temporary emigration","Persons","249","units","0","v29850345","1.4","","..","","","0"
"2018-04","Canada","2021A000011124","Net temporary emigration","Persons","249","units","0","v29850345","1.4","","..","","","0"
"2018-07","Canada","2021A000011124","Net temporary emigration","Persons","249","units","0","v29850345","1.4","","..","","","0"
"2018-10","Canada","2021A000011124","Net temporary emigration","Persons","249","units","0","v29850345","1.4","","..","","","0"
"2019-01","Canada","2021A000011124","Net temporary emigration","Persons","249","units","0","v29850345","1.4","","..","","","0"
"2019-04","Canada","2021A000011124","Net temporary emigration","Persons","249","units","0","v29850345","1.4","","..","","","0"
"2019-07","Canada","2021A000011124","Net temporary emigration","Persons","249","units","0","v29850345","1.4","","..","","","0"
"2019-10","Canada","2021A000011124","Net temporary emigration","Persons","249","units","0","v29850345","1.4","","..","","","0"
"2020-01","Canada","2021A000011124","Net temporary emigration","Persons","249","units","0","v29850345","1.4","","..","","","0"
"2020-04","Canada","2021A000011124","Net temporary emigration","Persons","249","units","0","v29850345","1.4","","..","","","0"
"2020-07","Canada","2021A000011124","Net temporary emigration","Persons","249","units","0","v29850345","1.4","","..","","","0"
"2020-10","Canada","2021A000011124","Net temporary emigration","Persons","249","units","0","v29850345","1.4","","..","","","0"
"2021-01","Canada","2021A000011124","Net temporary emigration","Persons","249","units","0","v29850345","1.4","","..","","","0"
"2021-04","Canada","2021A000011124","Net temporary emigration","Persons","249","units","0","v29850345","1.4","","..","","","0"
"2021-07","Canada","2021A000011124","Net temporary emigration","Persons","249","units","0","v29850345","1.4","","..","","","0"
"2021-10","Canada","2021A000011124","Net temporary emigration","Persons","249","units","0","v29850345","1.4","","..","","","0"
"2022-01","Canada","2021A000011124","Net temporary emigration","Persons","249","units","0","v29850345","1.4","","..","","","0"
"2022-04","Canada","2021A000011124","Net temporary emigration","Persons","249","units","0","v29850345","1.4","","..","","","0"
"2022-07","Canada","2021A000011124","Net temporary emigration","Persons","249","units","0","v29850345","1.4","","..","","","0"
"2022-10","Canada","2021A000011124","Net temporary emigration","Persons","249","units","0","v29850345","1.4","","..","","","0"
"2023-01","Canada","2021A000011124","Net temporary emigration","Persons","249","units","0","v29850345","1.4","","..","","","0"
"2010-01","Canada","2021A000011124","Net non-permanent residents","Persons","249","units","0","v29850346","1.5","12495","","","","0"
"2010-04","Canada","2021A000011124","Net non-permanent residents","Persons","249","units","0","v29850346","1.5","13242","","","","0"
"2010-07","Canada","2021A000011124","Net non-permanent residents","Persons","249","units","0","v29850346","1.5","20172","","","","0"
"2010-10","Canada","2021A000011124","Net non-permanent residents","Persons","249","units","0","v29850346","1.5","-33982","","","","0"
"2011-01","Canada","2021A000011124","Net non-permanent residents","Persons","249","units","0","v29850346","1.5","9741","","","","0"
"2011-04","Canada","2021A000011124","Net non-permanent residents","Persons","249","units","0","v29850346","1.5","18793","","","","0"
"2011-07","Canada","2021A000011124","Net non-permanent residents","Persons","249","units","0","v29850346","1.5","24890","","","","0"
"2011-10","Canada","2021A000011124","Net non-permanent residents","Persons","249","units","0","v29850346","1.5","-10622","","","","0"
"2012-01","Canada","2021A000011124","Net non-permanent residents","Persons","249","units","0","v29850346","1.5","13606","","","","0"
"2012-04","Canada","2021A000011124","Net non-permanent residents","Persons","249","units","0","v29850346","1.5","27526","","","","0"
"2012-07","Canada","2021A000011124","Net non-permanent residents","Persons","249","units","0","v29850346","1.5","30588","","","","0"
"2012-10","Canada","2021A000011124","Net non-permanent residents","Persons","249","units","0","v29850346","1.5","-25513","","","","0"
"2013-01","Canada","2021A000011124","Net non-permanent residents","Persons","249","units","0","v29850346","1.5","14639","","","","0"
"2013-04","Canada","2021A000011124","Net non-permanent residents","Persons","249","units","0","v29850346","1.5","29807","","","","0"
"2013-07","Canada","2021A000011124","Net non-permanent residents","Persons","249","units","0","v29850346","1.5","38620","","","","0"
"2013-10","Canada","2021A000011124","Net non-permanent residents","Persons","249","units","0","v29850346","1.5","-30082","","","","0"
"2014-01","Canada","2021A000011124","Net non-permanent residents","Persons","249","units","0","v29850346","1.5","6046","","","","0"
"2014-04","Canada","2021A000011124","Net non-permanent residents","Persons","249","units","0","v29850346","1.5","18283","","","","0"
"2014-07","Canada","2021A000011124","Net non-permanent residents","Persons","249","units","0","v29850346","1.5","33889","","","","0"
"2014-10","Canada","2021A000011124","Net non-permanent residents","Persons","249","units","0","v29850346","1.5","-41248","","","","0"
"2015-01","Canada","2021A000011124","Net non-permanent residents","Persons","249","units","0","v29850346","1.5","-11185","","","","0"
"2015-04","Canada","2021A000011124","Net non-permanent residents","Persons","249","units","0","v29850346","1.5","8703","","","","0"
"2015-07","Canada","2021A000011124","Net non-permanent residents","Persons","249","units","0","v29850346","1.5","19982","","","","0"
"2015-10","Canada","2021A000011124","Net non-permanent residents","Persons","249","units","0","v29850346","1.5","-26830","","","","0"
"2016-01","Canada","2021A000011124","Net non-permanent residents","Persons","249","units","0","v29850346","1.5","11939","","","","0"
"2016-04","Canada","2021A000011124","Net non-permanent residents","Persons","249","units","0","v29850346","1.5","30357","","","","0"
"2016-07","Canada","2021A000011124","Net non-permanent residents","Persons","249","units","0","v29850346","1.5","53175","","","","0"
"2016-10","Canada","2021A000011124","Net non-permanent residents","Persons","249","units","0","v29850346","1.5","-6749","","","","0"
"2017-01","Canada","2021A000011124","Net non-permanent residents","Persons","249","units","0","v29850346","1.5","10350","","","","0"
"2017-04","Canada","2021A000011124","Net non-permanent residents","Persons","249","units","0","v29850346","1.5","47000","","","","0"
"2017-07","Canada","2021A000011124","Net non-permanent residents","Persons","249","units","0","v29850346","1.5","78277","","","","0"
"2017-10","Canada","2021A000011124","Net non-permanent residents","Persons","249","units","0","v29850346","1.5","2407","","","","0"
"2018-01","Canada","2021A000011124","Net non-permanent residents","Persons","249","units","0","v29850346","1.5","22568","","","","0"
"2018-04","Canada","2021A000011124","Net non-permanent residents","Persons","249","units","0","v29850346","1.5","59321","","","","0"
"2018-07","Canada","2021A000011124","Net non-permanent residents","Persons","249","units","0","v29850346","1.5","76425","","","","0"
"2018-10","Canada","2021A000011124","Net non-permanent residents","Persons","249","units","0","v29850346","1.5","-3397","","","","0"
"2019-01","Canada","2021A000011124","Net non-permanent residents","Persons","249","units","0","v29850346","1.5","30543","","","","0"
"2019-04","Canada","2021A000011124","Net non-permanent residents","Persons","249","units","0","v29850346","1.5","65262","","","","0"
"2019-07","Canada","2021A000011124","Net non-permanent residents","Persons","249","units","0","v29850346","1.5","80029","","","","0"
"2019-10","Canada","2021A000011124","Net non-permanent residents","Persons","249","units","0","v29850346","1.5","13947","","","","0"
"2020-01","Canada","2021A000011124","Net non-permanent residents","Persons","249","units","0","v29850346","1.5","6109","","","","0"
"2020-04","Canada","2021A000011124","Net non-permanent residents","Persons","249","units","0","v29850346","1.5","-24820","","","","0"
"2020-07","Canada","2021A000011124","Net non-permanent residents","Persons","249","units","0","v29850346","1.5","-67698","","","","0"
"2020-10","Canada","2021A000011124","Net non-permanent residents","Persons","249","units","0","v29850346","1.5","-9657","","","","0"
"2021-01","Canada","2021A000011124","Net non-permanent residents","Persons","249","units","0","v29850346","1.5","13627","","","","0"
"2021-04","Canada","2021A000011124","Net non-permanent residents","Persons","249","units","0","v29850346","1.5","12009","","","","0"
"2021-07","Canada","2021A000011124","Net non-permanent residents","Persons","249","units","0","v29850346","1.5","80749","","","","0"
"2021-10","Canada","2021A000011124","Net non-permanent residents","Persons","249","units","0","v29850346","1.5","-28898","","","","0"
"2022-01","Canada","2021A000011124","Net non-permanent residents","Persons","249","units","0","v29850346","1.5","34084","","","","0"
"2022-04","Canada","2021A000011124","Net non-permanent residents","Persons","249","units","0","v29850346","1.5","138780","","","","0"
"2022-07","Canada","2021A000011124","Net non-permanent residents","Persons","249","units","0","v29850346","1.5","214263","","","","0"
"2022-10","Canada","2021A000011124","Net non-permanent residents","Persons","249","units","0","v29850346","1.5","151584","","","","0"
"2023-01","Canada","2021A000011124","Net non-permanent residents","Persons","249","units","0","v29850346","1.5","100487","","","","0"
"2023-04","Canada","2021A000011124","Net non-permanent residents","Persons","249","units","0","v29850346","1.5","205191","","","","0"
"2023-07","Canada","2021A000011124","Net non-permanent residents","Persons","249","units","0","v29850346","1.5","314059","","","","0"
"2023-10","Canada","2021A000011124","Net non-permanent residents","Persons","249","units","0","v29850346","1.5","169369","","","","0"
"2024-01","Canada","2021A000011124","Net non-permanent residents","Persons","249","units","0","v29850346","1.5","161892","","","","0"
"2024-04","Canada","2021A000011124","Net non-permanent residents","Persons","249","units","0","v29850346","1.5","135755","","","","0"
"2024-07","Canada","2021A000011124","Net non-permanent residents","Persons","249","units","0","v29850346","1.5","109961","","","","0"
"2024-10","Canada","2021A000011124","Net non-permanent residents","Persons","249","units","0","v29850346","1.5","-11002","","","","0"
"2025-01","Canada","2021A000011124","Net non-permanent residents","Persons","249","units","0","v29850346","1.5","-55194","","","","0"
"2025-04","Canada","2021A000011124","Net non-permanent residents","Persons","249","units","0","v29850346","1.5","-58719","","","","0"
"2010-01","Canada","2021A000011124","Non-permanent residents, inflows","Persons","249","units","0","v1566834758","1.7","","..","","","0"
"2010-04","Canada","2021A000011124","Non-permanent residents, inflows","Persons","249","units","0","v1566834758","1.7","","..","","","0"
"2010-07","Canada","2021A000011124","Non-permanent residents, inflows","Persons","249","units","0","v1566834758","1.7","","..","","","0"
"2010-10","Canada","2021A000011124","Non-permanent residents, inflows","Persons","249","units","0","v1566834758","1.7","","..","","","0"
"2011-01","Canada","2021A000011124","Non-permanent residents, inflows","Persons","249","units","0","v1566834758","1.7","","..","","","0"
"2011-04","Canada","2021A000011124","Non-permanent residents, inflows","Persons","249","units","0","v1566834758","1.7","","..","","","0"
"2011-07","Canada","2021A000011124","Non-permanent residents, inflows","Persons","249","units","0","v1566834758","1.7","","..","","","0"
"2011-10","Canada","2021A000011124","Non-permanent residents, inflows","Persons","249","units","0","v1566834758","1.7","","..","","","0"
"2012-01","Canada","2021A000011124","Non-permanent residents, inflows","Persons","249","units","0","v1566834758","1.7","","..","","","0"
"2012-04","Canada","2021A000011124","Non-permanent residents, inflows","Persons","249","units","0","v1566834758","1.7","","..","","","0"
"2012-07","Canada","2021A000011124","Non-permanent residents, inflows","Persons","249","units","0","v1566834758","1.7","","..","","","0"
"2012-10","Canada","2021A000011124","Non-permanent residents, inflows","Persons","249","units","0","v1566834758","1.7","","..","","","0"
"2013-01","Canada","2021A000011124","Non-permanent residents, inflows","Persons","249","units","0","v1566834758","1.7","","..","","","0"
"2013-04","Canada","2021A000011124","Non-permanent residents, inflows","Persons","249","units","0","v1566834758","1.7","","..","","","0"
"2013-07","Canada","2021A000011124","Non-permanent residents, inflows","Persons","249","units","0","v1566834758","1.7","","..","","","0"
"2013-10","Canada","2021A000011124","Non-permanent residents, inflows","Persons","249","units","0","v1566834758","1.7","","..","","","0"
"2014-01","Canada","2021A000011124","Non-permanent residents, inflows","Persons","249","units","0","v1566834758","1.7","","..","","","0"
"2014-04","Canada","2021A000011124","Non-permanent residents, inflows","Persons","249","units","0","v1566834758","1.7","","..","","","0"
"2014-07","Canada","2021A000011124","Non-permanent residents, inflows","Persons","249","units","0","v1566834758","1.7","","..","","","0"
"2014-10","Canada","2021A000011124","Non-permanent residents, inflows","Persons","249","units","0","v1566834758","1.7","","..","","","0"
"2015-01","Canada","2021A000011124","Non-permanent residents, inflows","Persons","249","units","0","v1566834758","1.7","","..","","","0"
"2015-04","Canada","2021A000011124","Non-permanent residents, inflows","Persons","249","units","0","v1566834758","1.7","","..","","","0"
"2015-07","Canada","2021A000011124","Non-permanent residents, inflows","Persons","249","units","0","v1566834758","1.7","","..","","","0"
"2015-10","Canada","2021A000011124","Non-permanent residents, inflows","Persons","249","units","0","v1566834758","1.7","","..","","","0"
"2016-01","Canada","2021A000011124","Non-permanent residents, inflows","Persons","249","units","0","v1566834758","1.7","","..","","","0"
"2016-04","Canada","2021A000011124","Non-permanent residents, inflows","Persons","249","units","0","v1566834758","1.7","","..","","","0"
"2016-07","Canada","2021A000011124","Non-permanent residents, inflows","Persons","249","units","0","v1566834758","1.7","","..","","","0"
"2016-10","Canada","2021A000011124","Non-permanent residents, inflows","Persons","249","units","0","v1566834758","1.7","","..","","","0"
"2017-01","Canada","2021A000011124","Non-permanent residents, inflows","Persons","249","units","0","v1566834758","1.7","","..","","","0"
"2017-04","Canada","2021A000011124","Non-permanent residents, inflows","Persons","249","units","0","v1566834758","1.7","","..","","","0"
"2017-07","Canada","2021A000011124","Non-permanent residents, inflows","Persons","249","units","0","v1566834758","1.7","","..","","","0"
"2017-10","Canada","2021A000011124","Non-permanent residents, inflows","Persons","249","units","0","v1566834758","1.7","","..","","","0"
"2018-01","Canada","2021A000011124","Non-permanent residents, inflows","Persons","249","units","0","v1566834758","1.7","","..","","","0"
"2018-04","Canada","2021A000011124","Non-permanent residents, inflows","Persons","249","units","0","v1566834758","1.7","","..","","","0"
"2018-07","Canada","2021A000011124","Non-permanent residents, inflows","Persons","249","units","0","v1566834758","1.7","","..","","","0"
"2018-10","Canada","2021A000011124","Non-permanent residents, inflows","Persons","249","units","0","v1566834758","1.7","","..","","","0"
"2019-01","Canada","2021A000011124","Non-permanent residents, inflows","Persons","249","units","0","v1566834758","1.7","","..","","","0"
"2019-04","Canada","2021A000011124","Non-permanent residents, inflows","Persons","249","units","0","v1566834758","1.7","","..","","","0"
"2019-07","Canada","2021A000011124","Non-permanent residents, inflows","Persons","249","units","0","v1566834758","1.7","","..","","","0"
"2019-10","Canada","2021A000011124","Non-permanent residents, inflows","Persons","249","units","0","v1566834758","1.7","","..","","","0"
"2020-01","Canada","2021A000011124","Non-permanent residents, inflows","Persons","249","units","0","v1566834758","1.7","","..","","","0"
"2020-04","Canada","2021A000011124","Non-permanent residents, inflows","Persons","249","units","0","v1566834758","1.7","","..","","","0"
"2020-07","Canada","2021A000011124","Non-permanent residents, inflows","Persons","249","units","0","v1566834758","1.7","","..","","","0"
"2020-10","Canada","2021A000011124","Non-permanent residents, inflows","Persons","249","units","0","v1566834758","1.7","","..","","","0"
"2021-01","Canada","2021A000011124","Non-permanent residents, inflows","Persons","249","units","0","v1566834758","1.7","","..","","","0"
"2021-04","Canada","2021A000011124","Non-permanent residents, inflows","Persons","249","units","0","v1566834758","1.7","","..","","","0"
"2021-07","Canada","2021A000011124","Non-permanent residents, inflows","Persons","249","units","0","v1566834758","1.7","224022","","","","0"
"2021-10","Canada","2021A000011124","Non-permanent residents, inflows","Persons","249","units","0","v1566834758","1.7","130322","","","","0"
"2022-01","Canada","2021A000011124","Non-permanent residents, inflows","Persons","249","units","0","v1566834758","1.7","131483","","","","0"
"2022-04","Canada","2021A000011124","Non-permanent residents, inflows","Persons","249","units","0","v1566834758","1.7","211335","","","","0"
"2022-07","Canada","2021A000011124","Non-permanent residents, inflows","Persons","249","units","0","v1566834758","1.7","322370","","","","0"
"2022-10","Canada","2021A000011124","Non-permanent residents, inflows","Persons","249","units","0","v1566834758","1.7","248672","","","","0"
"2023-01","Canada","2021A000011124","Non-permanent residents, inflows","Persons","249","units","0","v1566834758","1.7","214441","","","","0"
"2023-04","Canada","2021A000011124","Non-permanent residents, inflows","Persons","249","units","0","v1566834758","1.7","282118","","","","0"
"2023-07","Canada","2021A000011124","Non-permanent residents, inflows","Persons","249","units","0","v1566834758","1.7","432203","","","","0"
"2023-10","Canada","2021A000011124","Non-permanent residents, inflows","Persons","249","units","0","v1566834758","1.7","294518","","","","0"
"2024-01","Canada","2021A000011124","Non-permanent residents, inflows","Persons","249","units","0","v1566834758","1.7","274625","","","","0"
"2024-04","Canada","2021A000011124","Non-permanent residents, inflows","Persons","249","units","0","v1566834758","1.7","250307","","","","0"
"2024-07","Canada","2021A000011124","Non-permanent residents, inflows","Persons","249","units","0","v1566834758","1.7","270287","","","","0"
"2024-10","Canada","2021A000011124","Non-permanent residents, inflows","Persons","249","units","0","v1566834758","1.7","149705","","","","0"
"2025-01","Canada","2021A000011124","Non-permanent residents, inflows","Persons","249","units","0","v1566834758","1.7","115837","","","","0"
"2025-04","Canada","2021A000011124","Non-permanent residents, inflows","Persons","249","units","0","v1566834758","1.7","140331","","","","0"
"2010-01","Canada","2021A000011124","Non-permanent residents, outflows","Persons","249","units","0","v1566834773","1.8","","..","","","0"
"2010-04","Canada","2021A000011124","Non-permanent residents, outflows","Persons","249","units","0","v1566834773","1.8","","..","","","0"
"2010-07","Canada","2021A000011124","Non-permanent residents, outflows","Persons","249","units","0","v1566834773","1.8","","..","","","0"
"2010-10","Canada","2021A000011124","Non-permanent residents, outflows","Persons","249","units","0","v1566834773","1.8","","..","","","0"
"2011-01","Canada","2021A000011124","Non-permanent residents, outflows","Persons","249","units","0","v1566834773","1.8","","..","","","0"
"2011-04","Canada","2021A000011124","Non-permanent residents, outflows","Persons","249","units","0","v1566834773","1.8","","..","","","0"
"2011-07","Canada","2021A000011124","Non-permanent residents, outflows","Persons","249","units","0","v1566834773","1.8","","..","","","0"
"2011-10","Canada","2021A000011124","Non-permanent residents, outflows","Persons","249","units","0","v1566834773","1.8","","..","","","0"
"2012-01","Canada","2021A000011124","Non-permanent residents, outflows","Persons","249","units","0","v1566834773","1.8","","..","","","0"
"2012-04","Canada","2021A000011124","Non-permanent residents, outflows","Persons","249","units","0","v1566834773","1.8","","..","","","0"
"2012-07","Canada","2021A000011124","Non-permanent residents, outflows","Persons","249","units","0","v1566834773","1.8","","..","","","0"
"2012-10","Canada","2021A000011124","Non-permanent residents, outflows","Persons","249","units","0","v1566834773","1.8","","..","","","0"
"2013-01","Canada","2021A000011124","Non-permanent residents, outflows","Persons","249","units","0","v1566834773","1.8","","..","","","0"
"2013-04","Canada","2021A000011124","Non-permanent residents, outflows","Persons","249","units","0","v1566834773","1.8","","..","","","0"
"2013-07","Canada","2021A000011124","Non-permanent residents, outflows","Persons","249","units","0","v1566834773","1.8","","..","","","0"
"2013-10","Canada","2021A000011124","Non-permanent residents, outflows","Persons","249","units","0","v1566834773","1.8","","..","","","0"
"2014-01","Canada","2021A000011124","Non-permanent residents, outflows","Persons","249","units","0","v1566834773","1.8","","..","","","0"
"2014-04","Canada","2021A000011124","Non-permanent residents, outflows","Persons","249","units","0","v1566834773","1.8","","..","","","0"
"2014-07","Canada","2021A000011124","Non-permanent residents, outflows","Persons","249","units","0","v1566834773","1.8","","..","","","0"
"2014-10","Canada","2021A000011124","Non-permanent residents, outflows","Persons","249","units","0","v1566834773","1.8","","..","","","0"
"2015-01","Canada","2021A000011124","Non-permanent residents, outflows","Persons","249","units","0","v1566834773","1.8","","..","","","0"
"2015-04","Canada","2021A000011124","Non-permanent residents, outflows","Persons","249","units","0","v1566834773","1.8","","..","","","0"
"2015-07","Canada","2021A000011124","Non-permanent residents, outflows","Persons","249","units","0","v1566834773","1.8","","..","","","0"
"2015-10","Canada","2021A000011124","Non-permanent residents, outflows","Persons","249","units","0","v1566834773","1.8","","..","","","0"
"2016-01","Canada","2021A000011124","Non-permanent residents, outflows","Persons","249","units","0","v1566834773","1.8","","..","","","0"
"2016-04","Canada","2021A000011124","Non-permanent residents, outflows","Persons","249","units","0","v1566834773","1.8","","..","","","0"
"2016-07","Canada","2021A000011124","Non-permanent residents, outflows","Persons","249","units","0","v1566834773","1.8","","..","","","0"
"2016-10","Canada","2021A000011124","Non-permanent residents, outflows","Persons","249","units","0","v1566834773","1.8","","..","","","0"
"2017-01","Canada","2021A000011124","Non-permanent residents, outflows","Persons","249","units","0","v1566834773","1.8","","..","","","0"
"2017-04","Canada","2021A000011124","Non-permanent residents, outflows","Persons","249","units","0","v1566834773","1.8","","..","","","0"
"2017-07","Canada","2021A000011124","Non-permanent residents, outflows","Persons","249","units","0","v1566834773","1.8","","..","","","0"
"2017-10","Canada","2021A000011124","Non-permanent residents, outflows","Persons","249","units","0","v1566834773","1.8","","..","","","0"
"2018-01","Canada","2021A000011124","Non-permanent residents, outflows","Persons","249","units","0","v1566834773","1.8","","..","","","0"
"2018-04","Canada","2021A000011124","Non-permanent residents, outflows","Persons","249","units","0","v1566834773","1.8","","..","","","0"
"2018-07","Canada","2021A000011124","Non-permanent residents, outflows","Persons","249","units","0","v1566834773","1.8","","..","","","0"
"2018-10","Canada","2021A000011124","Non-permanent residents, outflows","Persons","249","units","0","v1566834773","1.8","","..","","","0"
"2019-01","Canada","2021A000011124","Non-permanent residents, outflows","Persons","249","units","0","v1566834773","1.8","","..","","","0"
"2019-04","Canada","2021A000011124","Non-permanent residents, outflows","Persons","249","units","0","v1566834773","1.8","","..","","","0"
"2019-07","Canada","2021A000011124","Non-permanent residents, outflows","Persons","249","units","0","v1566834773","1.8","","..","","","0"
"2019-10","Canada","2021A000011124","Non-permanent residents, outflows","Persons","249","units","0","v1566834773","1.8","","..","","","0"
"2020-01","Canada","2021A000011124","Non-permanent residents, outflows","Persons","249","units","0","v1566834773","1.8","","..","","","0"
"2020-04","Canada","2021A000011124","Non-permanent residents, outflows","Persons","249","units","0","v1566834773","1.8","","..","","","0"
"2020-07","Canada","2021A000011124","Non-permanent residents, outflows","Persons","249","units","0","v1566834773","1.8","","..","","","0"
"2020-10","Canada","2021A000011124","Non-permanent residents, outflows","Persons","249","units","0","v1566834773","1.8","","..","","","0"
"2021-01","Canada","2021A000011124","Non-permanent residents, outflows","Persons","249","units","0","v1566834773","1.8","","..","","","0"
"2021-04","Canada","2021A000011124","Non-permanent residents, outflows","Persons","249","units","0","v1566834773","1.8","","..","","","0"
"2021-07","Canada","2021A000011124","Non-permanent residents, outflows","Persons","249","units","0","v1566834773","1.8","143273","","","","0"
"2021-10","Canada","2021A000011124","Non-permanent residents, outflows","Persons","249","units","0","v1566834773","1.8","159220","","","","0"
"2022-01","Canada","2021A000011124","Non-permanent residents, outflows","Persons","249","units","0","v1566834773","1.8","97399","","","","0"
"2022-04","Canada","2021A000011124","Non-permanent residents, outflows","Persons","249","units","0","v1566834773","1.8","72555","","","","0"
"2022-07","Canada","2021A000011124","Non-permanent residents, outflows","Persons","249","units","0","v1566834773","1.8","108107","","","","0"
"2022-10","Canada","2021A000011124","Non-permanent residents, outflows","Persons","249","units","0","v1566834773","1.8","97088","","","","0"
"2023-01","Canada","2021A000011124","Non-permanent residents, outflows","Persons","249","units","0","v1566834773","1.8","113954","","","","0"
"2023-04","Canada","2021A000011124","Non-permanent residents, outflows","Persons","249","units","0","v1566834773","1.8","76927","","","","0"
"2023-07","Canada","2021A000011124","Non-permanent residents, outflows","Persons","249","units","0","v1566834773","1.8","118144","","","","0"
"2023-10","Canada","2021A000011124","Non-permanent residents, outflows","Persons","249","units","0","v1566834773","1.8","125149","","","","0"
"2024-01","Canada","2021A000011124","Non-permanent residents, outflows","Persons","249","units","0","v1566834773","1.8","112733","","","","0"
"2024-04","Canada","2021A000011124","Non-permanent residents, outflows","Persons","249","units","0","v1566834773","1.8","114552","","","","0"
"2024-07","Canada","2021A000011124","Non-permanent residents, outflows","Persons","249","units","0","v1566834773","1.8","160326","","","","0"
"2024-10","Canada","2021A000011124","Non-permanent residents, outflows","Persons","249","units","0","v1566834773","1.8","160707","","","","0"
"2025-01","Canada","2021A000011124","Non-permanent residents, outflows","Persons","249","units","0","v1566834773","1.8","171031","","","","0"
"2025-04","Canada","2021A000011124","Non-permanent residents, outflows","Persons","249","units","0","v1566834773","1.8","199050","","","","0"


