"REF_DATE","GEO","DGUID","Products and product groups","UOM","UOM_ID","SCALAR_FACTOR","SCALAR_ID","VECTOR","COORDINATE","VALUE","STATUS","SYMBOL","TERMINATED","DECIMALS"
"2010-01","Canada","2016A000011124","Shelter","2002=100","17","units","0","v41690916","1.3","121.8","","","","1"
"2010-02","Canada","2016A000011124","Shelter","2002=100","17","units","0","v41690916","1.3","121.8","","","","1"
"2010-03","Canada","2016A000011124","Shelter","2002=100","17","units","0","v41690916","1.3","121.7","","","","1"
"2010-04","Canada","2016A000011124","Shelter","2002=100","17","units","0","v41690916","1.3","122.4","","","","1"
"2010-05","Canada","2016A000011124","Shelter","2002=100","17","units","0","v41690916","1.3","123.0","","","","1"
"2010-06","Canada","2016A000011124","Shelter","2002=100","17","units","0","v41690916","1.3","123.3","","","","1"
"2010-07","Canada","2016A000011124","Shelter","2002=100","17","units","0","v41690916","1.3","124.3","","","","1"
"2010-08","Canada","2016A000011124","Shelter","2002=100","17","units","0","v41690916","1.3","124.0","","","","1"
"2010-09","Canada","2016A000011124","Shelter","2002=100","17","units","0","v41690916","1.3","123.9","","","","1"
"2010-10","Canada","2016A000011124","Shelter","2002=100","17","units","0","v41690916","1.3","124.6","","","","1"
"2010-11","Canada","2016A000011124","Shelter","2002=100","17","units","0","v41690916","1.3","124.4","","","","1"
"2010-12","Canada","2016A000011124","Shelter","2002=100","17","units","0","v41690916","1.3","124.6","","","","1"
"2011-01","Canada","2016A000011124","Shelter","2002=100","17","units","0","v41690916","1.3","124.5","","","","1"
"2011-02","Canada","2016A000011124","Shelter","2002=100","17","units","0","v41690916","1.3","124.5","","","","1"
"2011-03","Canada","2016A000011124","Shelter","2002=100","17","units","0","v41690916","1.3","124.6","","","","1"
"2011-04","Canada","2016A000011124","Shelter","2002=100","17","units","0","v41690916","1.3","125.2","","","","1"
"2011-05","Canada","2016A000011124","Shelter","2002=100","17","units","0","v41690916","1.3","125.2","","","","1"
"2011-06","Canada","2016A000011124","Shelter","2002=100","17","units","0","v41690916","1.3","125.4","","","","1"
"2011-07","Canada","2016A000011124","Shelter","2002=100","17","units","0","v41690916","1.3","125.9","","","","1"
"2011-08","Canada","2016A000011124","Shelter","2002=100","17","units","0","v41690916","1.3","126.2","","","","1"
"2011-09","Canada","2016A000011124","Shelter","2002=100","17","units","0","v41690916","1.3","125.7","","","","1"
"2011-10","Canada","2016A000011124","Shelter","2002=100","17","units","0","v41690916","1.3","126.5","","","","1"
"2011-11","Canada","2016A000011124","Shelter","2002=100","17","units","0","v41690916","1.3","126.3","","","","1"
"2011-12","Canada","2016A000011124","Shelter","2002=100","17","units","0","v41690916","1.3","126.8","","","","1"
"2012-01","Canada","2016A000011124","Shelter","2002=100","17","units","0","v41690916","1.3","127.1","","","","1"
"2012-02","Canada","2016A000011124","Shelter","2002=100","17","units","0","v41690916","1.3","126.9","","","","1"
"2012-03","Canada","2016A000011124","Shelter","2002=100","17","units","0","v41690916","1.3","126.6","","","","1"
"2012-04","Canada","2016A000011124","Shelter","2002=100","17","units","0","v41690916","1.3","126.6","","","","1"
"2012-05","Canada","2016A000011124","Shelter","2002=100","17","units","0","v41690916","1.3","126.7","","","","1"
"2012-06","Canada","2016A000011124","Shelter","2002=100","17","units","0","v41690916","1.3","127.0","","","","1"
"2012-07","Canada","2016A000011124","Shelter","2002=100","17","units","0","v41690916","1.3","127.2","","","","1"
"2012-08","Canada","2016A000011124","Shelter","2002=100","17","units","0","v41690916","1.3","127.4","","","","1"
"2012-09","Canada","2016A000011124","Shelter","2002=100","17","units","0","v41690916","1.3","127.2","","","","1"
"2012-10","Canada","2016A000011124","Shelter","2002=100","17","units","0","v41690916","1.3","127.6","","","","1"
"2012-11","Canada","2016A000011124","Shelter","2002=100","17","units","0","v41690916","1.3","127.5","","","","1"
"2012-12","Canada","2016A000011124","Shelter","2002=100","17","units","0","v41690916","1.3","127.5","","","","1"
"2013-01","Canada","2016A000011124","Shelter","2002=100","17","units","0","v41690916","1.3","127.8","","","","1"
"2013-02","Canada","2016A000011124","Shelter","2002=100","17","units","0","v41690916","1.3","127.9","","","","1"
"2013-03","Canada","2016A000011124","Shelter","2002=100","17","units","0","v41690916","1.3","128.0","","","","1"
"2013-04","Canada","2016A000011124","Shelter","2002=100","17","units","0","v41690916","1.3","128.2","","","","1"
"2013-05","Canada","2016A000011124","Shelter","2002=100","17","units","0","v41690916","1.3","128.3","","","","1"
"2013-06","Canada","2016A000011124","Shelter","2002=100","17","units","0","v41690916","1.3","128.5","","","","1"
"2013-07","Canada","2016A000011124","Shelter","2002=100","17","units","0","v41690916","1.3","128.8","","","","1"
"2013-08","Canada","2016A000011124","Shelter","2002=100","17","units","0","v41690916","1.3","128.8","","","","1"
"2013-09","Canada","2016A000011124","Shelter","2002=100","17","units","0","v41690916","1.3","129.0","","","","1"
"2013-10","Canada","2016A000011124","Shelter","2002=100","17","units","0","v41690916","1.3","129.2","","","","1"
"2013-11","Canada","2016A000011124","Shelter","2002=100","17","units","0","v41690916","1.3","129.8","","","","1"
"2013-12","Canada","2016A000011124","Shelter","2002=100","17","units","0","v41690916","1.3","129.9","","","","1"
"2014-01","Canada","2016A000011124","Shelter","2002=100","17","units","0","v41690916","1.3","130.5","","","","1"
"2014-02","Canada","2016A000011124","Shelter","2002=100","17","units","0","v41690916","1.3","130.7","","","","1"
"2014-03","Canada","2016A000011124","Shelter","2002=100","17","units","0","v41690916","1.3","131.4","","","","1"
"2014-04","Canada","2016A000011124","Shelter","2002=100","17","units","0","v41690916","1.3","132.4","","","","1"
"2014-05","Canada","2016A000011124","Shelter","2002=100","17","units","0","v41690916","1.3","132.6","","","","1"
"2014-06","Canada","2016A000011124","Shelter","2002=100","17","units","0","v41690916","1.3","132.2","","","","1"
"2014-07","Canada","2016A000011124","Shelter","2002=100","17","units","0","v41690916","1.3","132.6","","","","1"
"2014-08","Canada","2016A000011124","Shelter","2002=100","17","units","0","v41690916","1.3","132.4","","","","1"
"2014-09","Canada","2016A000011124","Shelter","2002=100","17","units","0","v41690916","1.3","132.5","","","","1"
"2014-10","Canada","2016A000011124","Shelter","2002=100","17","units","0","v41690916","1.3","132.8","","","","1"
"2014-11","Canada","2016A000011124","Shelter","2002=100","17","units","0","v41690916","1.3","132.8","","","","1"
"2014-12","Canada","2016A000011124","Shelter","2002=100","17","units","0","v41690916","1.3","133.0","","","","1"
"2015-01","Canada","2016A000011124","Shelter","2002=100","17","units","0","v41690916","1.3","133.1","","","","1"
"2015-02","Canada","2016A000011124","Shelter","2002=100","17","units","0","v41690916","1.3","133.1","","","","1"
"2015-03","Canada","2016A000011124","Shelter","2002=100","17","units","0","v41690916","1.3","133.3","","","","1"
"2015-04","Canada","2016A000011124","Shelter","2002=100","17","units","0","v41690916","1.3","133.1","","","","1"
"2015-05","Canada","2016A000011124","Shelter","2002=100","17","units","0","v41690916","1.3","133.2","","","","1"
"2015-06","Canada","2016A000011124","Shelter","2002=100","17","units","0","v41690916","1.3","133.5","","","","1"
"2015-07","Canada","2016A000011124","Shelter","2002=100","17","units","0","v41690916","1.3","133.8","","","","1"
"2015-08","Canada","2016A000011124","Shelter","2002=100","17","units","0","v41690916","1.3","133.9","","","","1"
"2015-09","Canada","2016A000011124","Shelter","2002=100","17","units","0","v41690916","1.3","133.9","","","","1"
"2015-10","Canada","2016A000011124","Shelter","2002=100","17","units","0","v41690916","1.3","134.3","","","","1"
"2015-11","Canada","2016A000011124","Shelter","2002=100","17","units","0","v41690916","1.3","134.4","","","","1"
"2015-12","Canada","2016A000011124","Shelter","2002=100","17","units","0","v41690916","1.3","134.5","","","","1"
"2016-01","Canada","2016A000011124","Shelter","2002=100","17","units","0","v41690916","1.3","134.6","","","","1"
"2016-02","Canada","2016A000011124","Shelter","2002=100","17","units","0","v41690916","1.3","134.7","","","","1"
"2016-03","Canada","2016A000011124","Shelter","2002=100","17","units","0","v41690916","1.3","134.8","","","","1"
"2016-04","Canada","2016A000011124","Shelter","2002=100","17","units","0","v41690916","1.3","134.9","","","","1"
"2016-05","Canada","2016A000011124","Shelter","2002=100","17","units","0","v41690916","1.3","135.1","","","","1"
"2016-06","Canada","2016A000011124","Shelter","2002=100","17","units","0","v41690916","1.3","135.6","","","","1"
"2016-07","Canada","2016A000011124","Shelter","2002=100","17","units","0","v41690916","1.3","136.0","","","","1"
"2016-08","Canada","2016A000011124","Shelter","2002=100","17","units","0","v41690916","1.3","136.2","","","","1"
"2016-09","Canada","2016A000011124","Shelter","2002=100","17","units","0","v41690916","1.3","136.2","","","","1"
"2016-10","Canada","2016A000011124","Shelter","2002=100","17","units","0","v41690916","1.3","136.9","","","","1"
"2016-11","Canada","2016A000011124","Shelter","2002=100","17","units","0","v41690916","1.3","137.2","","","","1"
"2016-12","Canada","2016A000011124","Shelter","2002=100","17","units","0","v41690916","1.3","137.3","","","","1"
"2017-01","Canada","2016A000011124","Shelter","2002=100","17","units","0","v41690916","1.3","137.8","","","","1"
"2017-02","Canada","2016A000011124","Shelter","2002=100","17","units","0","v41690916","1.3","137.6","","","","1"
"2017-03","Canada","2016A000011124","Shelter","2002=100","17","units","0","v41690916","1.3","137.7","","","","1"
"2017-04","Canada","2016A000011124","Shelter","2002=100","17","units","0","v41690916","1.3","137.9","","","","1"
"2017-05","Canada","2016A000011124","Shelter","2002=100","17","units","0","v41690916","1.3","137.7","","","","1"
"2017-06","Canada","2016A000011124","Shelter","2002=100","17","units","0","v41690916","1.3","137.8","","","","1"
"2017-07","Canada","2016A000011124","Shelter","2002=100","17","units","0","v41690916","1.3","137.7","","","","1"
"2017-08","Canada","2016A000011124","Shelter","2002=100","17","units","0","v41690916","1.3","138.0","","","","1"
"2017-09","Canada","2016A000011124","Shelter","2002=100","17","units","0","v41690916","1.3","138.1","","","","1"
"2017-10","Canada","2016A000011124","Shelter","2002=100","17","units","0","v41690916","1.3","138.6","","","","1"
"2017-11","Canada","2016A000011124","Shelter","2002=100","17","units","0","v41690916","1.3","138.9","","","","1"
"2017-12","Canada","2016A000011124","Shelter","2002=100","17","units","0","v41690916","1.3","139.2","","","","1"
"2018-01","Canada","2016A000011124","Shelter","2002=100","17","units","0","v41690916","1.3","139.7","","","","1"
"2018-02","Canada","2016A000011124","Shelter","2002=100","17","units","0","v41690916","1.3","140.0","","","","1"
"2018-03","Canada","2016A000011124","Shelter","2002=100","17","units","0","v41690916","1.3","140.0","","","","1"
"2018-04","Canada","2016A000011124","Shelter","2002=100","17","units","0","v41690916","1.3","140.3","","","","1"
"2018-05","Canada","2016A000011124","Shelter","2002=100","17","units","0","v41690916","1.3","140.4","","","","1"
"2018-06","Canada","2016A000011124","Shelter","2002=100","17","units","0","v41690916","1.3","140.5","","","","1"
"2018-07","Canada","2016A000011124","Shelter","2002=100","17","units","0","v41690916","1.3","141.0","","","","1"
"2018-08","Canada","2016A000011124","Shelter","2002=100","17","units","0","v41690916","1.3","141.2","","","","1"
"2018-09","Canada","2016A000011124","Shelter","2002=100","17","units","0","v41690916","1.3","141.5","","","","1"
"2018-10","Canada","2016A000011124","Shelter","2002=100","17","units","0","v41690916","1.3","142.0","","","","1"
"2018-11","Canada","2016A000011124","Shelter","2002=100","17","units","0","v41690916","1.3","142.3","","","","1"
"2018-12","Canada","2016A000011124","Shelter","2002=100","17","units","0","v41690916","1.3","142.3","","","","1"
"2019-01","Canada","2016A000011124","Shelter","2002=100","17","units","0","v41690916","1.3","143.0","","","","1"
"2019-02","Canada","2016A000011124","Shelter","2002=100","17","units","0","v41690916","1.3","143.4","","","","1"
"2019-03","Canada","2016A000011124","Shelter","2002=100","17","units","0","v41690916","1.3","143.8","","","","1"
"2019-04","Canada","2016A000011124","Shelter","2002=100","17","units","0","v41690916","1.3","144.1","","","","1"
"2019-05","Canada","2016A000011124","Shelter","2002=100","17","units","0","v41690916","1.3","144.2","","","","1"
"2019-06","Canada","2016A000011124","Shelter","2002=100","17","units","0","v41690916","1.3","144.0","","","","1"
"2019-07","Canada","2016A000011124","Shelter","2002=100","17","units","0","v41690916","1.3","144.3","","","","1"
"2019-08","Canada","2016A000011124","Shelter","2002=100","17","units","0","v41690916","1.3","144.6","","","","1"
"2019-09","Canada","2016A000011124","Shelter","2002=100","17","units","0","v41690916","1.3","144.8","","","","1"
"2019-10","Canada","2016A000011124","Shelter","2002=100","17","units","0","v41690916","1.3","145.7","","","","1"
"2019-11","Canada","2016A000011124","Shelter","2002=100","17","units","0","v41690916","1.3","145.9","","","","1"
"2019-12","Canada","2016A000011124","Shelter","2002=100","17","units","0","v41690916","1.3","146.3","","","","1"
"2020-01","Canada","2016A000011124","Shelter","2002=100","17","units","0","v41690916","1.3","146.4","","","","1"
"2020-02","Canada","2016A000011124","Shelter","2002=100","17","units","0","v41690916","1.3","146.7","","","","1"
"2020-03","Canada","2016A000011124","Shelter","2002=100","17","units","0","v41690916","1.3","146.5","","","","1"
"2020-04","Canada","2016A000011124","Shelter","2002=100","17","units","0","v41690916","1.3","146.0","","","","1"
"2020-05","Canada","2016A000011124","Shelter","2002=100","17","units","0","v41690916","1.3","145.6","","","","1"
"2020-06","Canada","2016A000011124","Shelter","2002=100","17","units","0","v41690916","1.3","146.4","","","","1"
"2020-07","Canada","2016A000011124","Shelter","2002=100","17","units","0","v41690916","1.3","146.4","","","","1"
"2020-08","Canada","2016A000011124","Shelter","2002=100","17","units","0","v41690916","1.3","146.8","","","","1"
"2020-09","Canada","2016A000011124","Shelter","2002=100","17","units","0","v41690916","1.3","147.3","","","","1"
"2020-10","Canada","2016A000011124","Shelter","2002=100","17","units","0","v41690916","1.3","148.3","","","","1"
"2020-11","Canada","2016A000011124","Shelter","2002=100","17","units","0","v41690916","1.3","148.7","","","","1"
"2020-12","Canada","2016A000011124","Shelter","2002=100","17","units","0","v41690916","1.3","148.7","","","","1"
"2021-01","Canada","2016A000011124","Shelter","2002=100","17","units","0","v41690916","1.3","148.4","","","","1"
"2021-02","Canada","2016A000011124","Shelter","2002=100","17","units","0","v41690916","1.3","148.8","","","","1"
"2021-03","Canada","2016A000011124","Shelter","2002=100","17","units","0","v41690916","1.3","150.0","","","","1"
"2021-04","Canada","2016A000011124","Shelter","2002=100","17","units","0","v41690916","1.3","150.7","","","","1"
"2021-05","Canada","2016A000011124","Shelter","2002=100","17","units","0","v41690916","1.3","151.7","","","","1"
"2021-06","Canada","2016A000011124","Shelter","2002=100","17","units","0","v41690916","1.3","152.8","","","","1"
"2021-07","Canada","2016A000011124","Shelter","2002=100","17","units","0","v41690916","1.3","153.5","","","","1"
"2021-08","Canada","2016A000011124","Shelter","2002=100","17","units","0","v41690916","1.3","153.9","","","","1"
"2021-09","Canada","2016A000011124","Shelter","2002=100","17","units","0","v41690916","1.3","154.4","","","","1"
"2021-10","Canada","2016A000011124","Shelter","2002=100","17","units","0","v41690916","1.3","155.4","","","","1"
"2021-11","Canada","2016A000011124","Shelter","2002=100","17","units","0","v41690916","1.3","155.9","","","","1"
"2021-12","Canada","2016A000011124","Shelter","2002=100","17","units","0","v41690916","1.3","156.8","","","","1"
"2022-01","Canada","2016A000011124","Shelter","2002=100","17","units","0","v41690916","1.3","157.6","","","","1"
"2022-02","Canada","2016A000011124","Shelter","2002=100","17","units","0","v41690916","1.3","158.6","","","","1"
"2022-03","Canada","2016A000011124","Shelter","2002=100","17","units","0","v41690916","1.3","160.2","","","","1"
"2022-04","Canada","2016A000011124","Shelter","2002=100","17","units","0","v41690916","1.3","161.9","","","","1"
"2022-05","Canada","2016A000011124","Shelter","2002=100","17","units","0","v41690916","1.3","163.0","","","","1"
"2022-06","Canada","2016A000011124","Shelter","2002=100","17","units","0","v41690916","1.3","163.6","","","","1"
"2022-07","Canada","2016A000011124","Shelter","2002=100","17","units","0","v41690916","1.3","164.2","","","","1"
"2022-08","Canada","2016A000011124","Shelter","2002=100","17","units","0","v41690916","1.3","164.1","","","","1"
"2022-09","Canada","2016A000011124","Shelter","2002=100","17","units","0","v41690916","1.3","164.9","","","","1"
"2022-10","Canada","2016A000011124","Shelter","2002=100","17","units","0","v41690916","1.3","166.2","","","","1"
"2022-11","Canada","2016A000011124","Shelter","2002=100","17","units","0","v41690916","1.3","167.2","","","","1"
"2022-12","Canada","2016A000011124","Shelter","2002=100","17","units","0","v41690916","1.3","167.8","","","","1"
"2023-01","Canada","2016A000011124","Shelter","2002=100","17","units","0","v41690916","1.3","168.0","","","","1"
"2023-02","Canada","2016A000011124","Shelter","2002=100","17","units","0","v41690916","1.3","168.3","","","","1"
"2023-03","Canada","2016A000011124","Shelter","2002=100","17","units","0","v41690916","1.3","168.9","","","","1"
"2023-04","Canada","2016A000011124","Shelter","2002=100","17","units","0","v41690916","1.3","169.9","","","","1"
"2023-05","Canada","2016A000011124","Shelter","2002=100","17","units","0","v41690916","1.3","170.6","","","","1"
"2023-06","Canada","2016A000011124","Shelter","2002=100","17","units","0","v41690916","1.3","171.4","","","","1"
"2023-07","Canada","2016A000011124","Shelter","2002=100","17","units","0","v41690916","1.3","172.6","","","","1"
"2023-08","Canada","2016A000011124","Shelter","2002=100","17","units","0","v41690916","1.3","174.0","","","","1"
"2023-09","Canada","2016A000011124","Shelter","2002=100","17","units","0","v41690916","1.3","174.8","","","","1"
"2023-10","Canada","2016A000011124","Shelter","2002=100","17","units","0","v41690916","1.3","176.3","","","","1"
"2023-11","Canada","2016A000011124","Shelter","2002=100","17","units","0","v41690916","1.3","177.1","","","","1"
"2023-12","Canada","2016A000011124","Shelter","2002=100","17","units","0","v41690916","1.3","177.8","","","","1"
"2024-01","Canada","2016A000011124","Shelter","2002=100","17","units","0","v41690916","1.3","178.4","","","","1"
"2024-02","Canada","2016A000011124","Shelter","2002=100","17","units","0","v41690916","1.3","179.2","","","","1"
"2024-03","Canada","2016A000011124","Shelter","2002=100","17","units","0","v41690916","1.3","179.9","","","","1"
"2024-04","Canada","2016A000011124","Shelter","2002=100","17","units","0","v41690916","1.3","180.8","","","","1"
"2024-05","Canada","2016A000011124","Shelter","2002=100","17","units","0","v41690916","1.3","181.5","","","","1"
"2024-06","Canada","2016A000011124","Shelter","2002=100","17","units","0","v41690916","1.3","182.1","","","","1"
"2024-07","Canada","2016A000011124","Shelter","2002=100","17","units","0","v41690916","1.3","182.5","","","","1"
"2024-08","Canada","2016A000011124","Shelter","2002=100","17","units","0","v41690916","1.3","183.3","","","","1"
"2024-09","Canada","2016A000011124","Shelter","2002=100","17","units","0","v41690916","1.3","183.5","","","","1"
"2024-10","Canada","2016A000011124","Shelter","2002=100","17","units","0","v41690916","1.3","184.8","","","","1"
"2024-11","Canada","2016A000011124","Shelter","2002=100","17","units","0","v41690916","1.3","185.3","","","","1"
"2024-12","Canada","2016A000011124","Shelter","2002=100","17","units","0","v41690916","1.3","185.8","","","","1"
"2025-01","Canada","2016A000011124","Shelter","2002=100","17","units","0","v41690916","1.3","186.4","","","","1"
"2025-02","Canada","2016A000011124","Shelter","2002=100","17","units","0","v41690916","1.3","186.7","","","","1"
"2025-03","Canada","2016A000011124","Shelter","2002=100","17","units","0","v41690916","1.3","187.0","","","","1"
"2025-04","Canada","2016A000011124","Shelter","2002=100","17","units","0","v41690916","1.3","186.9","","","","1"
"2025-05","Canada","2016A000011124","Shelter","2002=100","17","units","0","v41690916","1.3","186.9","","","","1"
"2025-06","Canada","2016A000011124","Shelter","2002=100","17","units","0","v41690916","1.3","187.3","","","","1"
"2025-07","Canada","2016A000011124","Shelter","2002=100","17","units","0","v41690916","1.3","187.9","","","","1"
"2025-08","Canada","2016A000011124","Shelter","2002=100","17","units","0","v41690916","1.3","188.0","","","","1"
"2025-09","Canada","2016A000011124","Shelter","2002=100","17","units","0","v41690916","1.3","188.2","","","","1"
"2025-10","Canada","2016A000011124","Shelter","2002=100","17","units","0","v41690916","1.3","189.4","","","","1"


